symbol,date,pattern,confidence,urgency_score,breakout_direction,breakout_level,current_price,distance_to_breakout_pct,days_to_apex,target,stop_loss
ATUL.NS,2026-10-01,symmetrical_triangle,94.0,371.4,up,5984.02,5861.0,2.1,,6076.64,6076.96
BRITANNIA.NS,2026-10-01,symmetrical_triangle,85.9,369.3,up,4845.14,4778.0,1.4,,5492.47,5696.22
TVSMOTOR.NS,2026-10-01,symmetrical_triangle,78.3,306.5,up,4108.28,4021.0,2.2,,4211.52,4311.6
BALRAMCHIN.NS,2026-10-01,symmetrical_triangle,86.0,305.0,up,667.9,649.05,2.9,,698.73,732.66
MPHASIS.NS,2026-10-01,symmetrical_triangle,74.6,278.4,up,2307.32,2250.2,2.5,,2365.52,2385.47
TENNIND.NS,2026-10-01,symmetrical_triangle,73.1,267.3,up,508.72,495.4,2.7,,543.22,552.36
HEROMOTOCO.NS,2026-10-01,symmetrical_triangle,77.7,187.8,up,5283.0,5168.0,2.2,1.0,5255.64,5245.04
JYOTICNC.NS,2026-10-01,w_pattern_double_bottom,100.0,95.1,up,1037.2,1032.1,0.5,,1118.75,936.54
LEMONTREE.NS,2026-10-01,w_pattern_double_bottom,93.1,90.9,up,107.92,107.67,0.2,,113.26,100.53
PETRONET.NS,2026-10-01,symmetrical_triangle,91.2,85.9,up,288.01,285.5,0.9,4.0,285.38,284.16
PRESTIGE.NS,2026-10-01,w_pattern_double_bottom,77.3,75.2,up,1490.0,1486.1,0.3,,1563.0,1388.66
SOLARINDS.NS,2026-10-01,w_pattern_double_bottom,100.0,74.7,up,19890.0,19400.0,2.5,,21225.0,18183.9
CGPOWER.NS,2026-10-01,w_pattern_double_bottom,100.0,64.7,up,910.0,879.0,3.5,,968.45,834.52
EMCURE.NS,2026-10-01,w_pattern_double_bottom,93.1,62.2,up,2009.3,1944.6,3.3,,2108.8,1871.6
DIVISLAB.NS,2026-10-01,w_pattern_double_bottom,93.3,60.4,up,9575.0,9249.0,3.5,,10050.0,8918.0
NAVA.NS,2026-10-01,w_pattern_double_bottom,70.8,58.3,up,562.3,552.5,1.8,,587.65,526.21
PCBL.NS,2026-10-01,w_pattern_double_bottom,98.8,57.5,up,334.95,321.5,4.2,,355.65,307.96
IREDA.NS,2026-10-01,w_pattern_double_bottom,81.9,57.4,up,114.32,111.0,3.0,,120.24,106.23
RBLBANK.NS,2026-10-01,w_pattern_double_bottom,95.4,56.9,up,428.0,411.4,4.0,,453.6,394.35
TBOTEK.NS,2026-10-01,w_pattern_double_bottom,72.8,55.8,up,1710.6,1671.5,2.3,,1789.8,1598.77
BHEL.NS,2026-10-01,w_pattern_double_bottom,100.0,55.1,up,439.9,421.0,4.5,,469.2,402.39
RAILTEL.NS,2026-10-01,w_pattern_double_bottom,100.0,55.1,up,268.75,257.2,4.5,,285.15,247.3
POWERINDIA.NS,2026-10-01,w_pattern_double_bottom,100.0,54.9,up,32700.0,31290.0,4.5,,35200.0,29596.0
AUROPHARMA.NS,2026-10-01,w_pattern_double_bottom,83.1,54.7,up,1734.0,1676.8,3.4,,1825.0,1610.14
ADANIGREEN.NS,2026-10-01,w_pattern_double_bottom,95.0,51.5,up,1334.5,1276.1,4.6,,1414.0,1229.9
USHAMART.NS,2026-10-01,w_pattern_double_bottom,100.0,51.3,up,515.65,491.7,4.9,,550.0,471.67
INDHOTEL.NS,2026-10-01,w_pattern_double_bottom,81.4,50.8,up,745.0,718.0,3.8,,776.6,699.13
